{
    "RandomForest_80%": {
        "best_params": {
            "max_depth": 10,
            "min_samples_split": 2,
            "n_estimators": 100
        },
        "validation_accuracy": 0.9855595667870036,
        "test_accuracy": 0.9104046242774566,
        "classification_report": {
            "0": {
                "precision": 0.8646288209606987,
                "recall": 1.0,
                "f1-score": 0.927400468384075,
                "support": 198.0
            },
            "1": {
                "precision": 1.0,
                "recall": 0.7905405405405406,
                "f1-score": 0.8830188679245283,
                "support": 148.0
            },
            "accuracy": 0.9104046242774566,
            "macro avg": {
                "precision": 0.9323144104803494,
                "recall": 0.8952702702702703,
                "f1-score": 0.9052096681543016,
                "support": 346.0
            },
            "weighted avg": {
                "precision": 0.9225332559254866,
                "recall": 0.9104046242774566,
                "f1-score": 0.9084164311932862,
                "support": 346.0
            }
        }
    },
    "LogisticRegression_80%": {
        "best_params": {
            "C": 0.1,
            "penalty": "l2"
        },
        "validation_accuracy": 0.7581227436823105,
        "test_accuracy": 0.6358381502890174,
        "classification_report": {
            "0": {
                "precision": 0.6267605633802817,
                "recall": 0.898989898989899,
                "f1-score": 0.7385892116182573,
                "support": 198.0
            },
            "1": {
                "precision": 0.6774193548387096,
                "recall": 0.28378378378378377,
                "f1-score": 0.4,
                "support": 148.0
            },
            "accuracy": 0.6358381502890174,
            "macro avg": {
                "precision": 0.6520899591094957,
                "recall": 0.5913868413868414,
                "f1-score": 0.5692946058091286,
                "support": 346.0
            },
            "weighted avg": {
                "precision": 0.6484296418075862,
                "recall": 0.6358381502890174,
                "f1-score": 0.5937591442208525,
                "support": 346.0
            }
        }
    },
    "SVM_80%": {
        "best_params": {
            "C": 10,
            "gamma": "auto",
            "kernel": "rbf"
        },
        "validation_accuracy": 0.9963898916967509,
        "test_accuracy": 0.9682080924855492,
        "classification_report": {
            "0": {
                "precision": 0.9473684210526315,
                "recall": 1.0,
                "f1-score": 0.972972972972973,
                "support": 198.0
            },
            "1": {
                "precision": 1.0,
                "recall": 0.9256756756756757,
                "f1-score": 0.9614035087719298,
                "support": 148.0
            },
            "accuracy": 0.9682080924855492,
            "macro avg": {
                "precision": 0.9736842105263157,
                "recall": 0.9628378378378378,
                "f1-score": 0.9671882408724515,
                "support": 346.0
            },
            "weighted avg": {
                "precision": 0.9698813507757833,
                "recall": 0.9682080924855492,
                "f1-score": 0.9680241848176135,
                "support": 346.0
            }
        }
    },
    "RandomForest_50%": {
        "best_params": {
            "max_depth": null,
            "min_samples_split": 2,
            "n_estimators": 200
        },
        "validation_accuracy": 0.9811866859623734,
        "test_accuracy": 0.9132947976878613,
        "classification_report": {
            "0": {
                "precision": 0.868421052631579,
                "recall": 1.0,
                "f1-score": 0.9295774647887324,
                "support": 198.0
            },
            "1": {
                "precision": 1.0,
                "recall": 0.7972972972972973,
                "f1-score": 0.8872180451127819,
                "support": 148.0
            },
            "accuracy": 0.9132947976878613,
            "macro avg": {
                "precision": 0.9342105263157895,
                "recall": 0.8986486486486487,
                "f1-score": 0.9083977549507571,
                "support": 346.0
            },
            "weighted avg": {
                "precision": 0.9247033769394584,
                "recall": 0.9132947976878613,
                "f1-score": 0.9114584066614473,
                "support": 346.0
            }
        }
    },
    "LogisticRegression_50%": {
        "best_params": {
            "C": 0.1,
            "penalty": "l2"
        },
        "validation_accuracy": 0.743849493487699,
        "test_accuracy": 0.638728323699422,
        "classification_report": {
            "0": {
                "precision": 0.6289752650176679,
                "recall": 0.898989898989899,
                "f1-score": 0.7401247401247402,
                "support": 198.0
            },
            "1": {
                "precision": 0.6825396825396826,
                "recall": 0.2905405405405405,
                "f1-score": 0.4075829383886256,
                "support": 148.0
            },
            "accuracy": 0.638728323699422,
            "macro avg": {
                "precision": 0.6557574737786752,
                "recall": 0.5947652197652198,
                "f1-score": 0.5738538392566829,
                "support": 346.0
            },
            "weighted avg": {
                "precision": 0.6518872123970267,
                "recall": 0.638728323699422,
                "f1-score": 0.597881426087327,
                "support": 346.0
            }
        }
    },
    "SVM_50%": {
        "best_params": {
            "C": 10,
            "gamma": "scale",
            "kernel": "rbf"
        },
        "validation_accuracy": 0.9855282199710564,
        "test_accuracy": 0.9653179190751445,
        "classification_report": {
            "0": {
                "precision": 0.9514563106796117,
                "recall": 0.98989898989899,
                "f1-score": 0.9702970297029703,
                "support": 198.0
            },
            "1": {
                "precision": 0.9857142857142858,
                "recall": 0.9324324324324325,
                "f1-score": 0.9583333333333334,
                "support": 148.0
            },
            "accuracy": 0.9653179190751445,
            "macro avg": {
                "precision": 0.9685852981969487,
                "recall": 0.9611657111657113,
                "f1-score": 0.9643151815181519,
                "support": 346.0
            },
            "weighted avg": {
                "precision": 0.9661100109834607,
                "recall": 0.9653179190751445,
                "f1-score": 0.9651796104465938,
                "support": 346.0
            }
        }
    },
    "RandomForest_20%": {
        "best_params": {
            "max_depth": null,
            "min_samples_split": 5,
            "n_estimators": 50
        },
        "validation_accuracy": 0.9448462929475587,
        "test_accuracy": 0.8815028901734104,
        "classification_report": {
            "0": {
                "precision": 0.8369098712446352,
                "recall": 0.9848484848484849,
                "f1-score": 0.9048723897911833,
                "support": 198.0
            },
            "1": {
                "precision": 0.9734513274336283,
                "recall": 0.7432432432432432,
                "f1-score": 0.842911877394636,
                "support": 148.0
            },
            "accuracy": 0.8815028901734104,
            "macro avg": {
                "precision": 0.9051805993391318,
                "recall": 0.864045864045864,
                "f1-score": 0.8738921335929097,
                "support": 346.0
            },