{
    "RandomForest_80%": {
        "best_params": {
            "max_depth": null,
            "min_samples_split": 2,
            "n_estimators": 200
        },
        "accuracy": 0.7931034482758621,
        "classification_report": {
            "0": {
                "precision": 0.6666666666666666,
                "recall": 0.9090909090909091,
                "f1-score": 0.7692307692307693,
                "support": 11.0
            },
            "1": {
                "precision": 0.9285714285714286,
                "recall": 0.7222222222222222,
                "f1-score": 0.8125,
                "support": 18.0
            },
            "accuracy": 0.7931034482758621,
            "macro avg": {
                "precision": 0.7976190476190477,
                "recall": 0.8156565656565656,
                "f1-score": 0.7908653846153846,
                "support": 29.0
            },
            "weighted avg": {
                "precision": 0.8292282430213465,
                "recall": 0.7931034482758621,
                "f1-score": 0.7960875331564986,
                "support": 29.0
            }
        }
    },
    "LogisticRegression_80%": {
        "best_params": {
            "C": 0.01,
            "penalty": "l2"
        },
        "accuracy": 0.6551724137931034,
        "classification_report": {
            "0": {
                "precision": 0.5384615384615384,
                "recall": 0.6363636363636364,
                "f1-score": 0.5833333333333334,
                "support": 11.0
            },
            "1": {
                "precision": 0.75,
                "recall": 0.6666666666666666,
                "f1-score": 0.7058823529411765,
                "support": 18.0
            },
            "accuracy": 0.6551724137931034,
            "macro avg": {
                "precision": 0.6442307692307692,
                "recall": 0.6515151515151515,
                "f1-score": 0.6446078431372549,
                "support": 29.0
            },
            "weighted avg": {
                "precision": 0.669761273209549,
                "recall": 0.6551724137931034,
                "f1-score": 0.659398242055443,
                "support": 29.0
            }
        }
    },
    "SVM_80%": {
        "best_params": {
            "C": 1,
            "gamma": "scale",
            "kernel": "linear"
        },
        "accuracy": 0.5517241379310345,
        "classification_report": {
            "0": {
                "precision": 0.4166666666666667,
                "recall": 0.45454545454545453,
                "f1-score": 0.43478260869565216,
                "support": 11.0
            },
            "1": {
                "precision": 0.6470588235294118,
                "recall": 0.6111111111111112,
                "f1-score": 0.6285714285714286,
                "support": 18.0
            },
            "accuracy": 0.5517241379310345,
            "macro avg": {
                "precision": 0.5318627450980392,
                "recall": 0.5328282828282829,
                "f1-score": 0.5316770186335403,
                "support": 29.0
            },
            "weighted avg": {
                "precision": 0.5596686950642327,
                "recall": 0.5517241379310345,
                "f1-score": 0.5550653244806169,
                "support": 29.0
            }
        }
    },
    "RandomForest_50%": {
        "best_params": {
            "max_depth": null,
            "min_samples_split": 10,
            "n_estimators": 100
        },
        "accuracy": 0.7123287671232876,
        "classification_report": {
            "0": {
                "precision": 0.7096774193548387,
                "recall": 0.6470588235294118,
                "f1-score": 0.676923076923077,
                "support": 34.0
            },
            "1": {
                "precision": 0.7142857142857143,
                "recall": 0.7692307692307693,
                "f1-score": 0.7407407407407407,
                "support": 39.0
            },
            "accuracy": 0.7123287671232876,
            "macro avg": {
                "precision": 0.7119815668202765,
                "recall": 0.7081447963800905,
                "f1-score": 0.7088319088319088,
                "support": 73.0
            },
            "weighted avg": {
                "precision": 0.712139385139827,
                "recall": 0.7123287671232876,
                "f1-score": 0.7110174452640207,
                "support": 73.0
            }
        }
    },
    "LogisticRegression_50%": {
        "best_params": {
            "C": 1,
            "penalty": "l2"
        },
        "accuracy": 0.6438356164383562,
        "classification_report": {
            "0": {
                "precision": 0.6,
                "recall": 0.7058823529411765,
                "f1-score": 0.6486486486486487,
                "support": 34.0
            },
            "1": {
                "precision": 0.696969696969697,
                "recall": 0.5897435897435898,
                "f1-score": 0.6388888888888888,
                "support": 39.0
            },
            "accuracy": 0.6438356164383562,
            "macro avg": {
                "precision": 0.6484848484848484,
                "recall": 0.6478129713423831,
                "f1-score": 0.6437687687687688,
                "support": 73.0
            },
            "weighted avg": {
                "precision": 0.6518057285180573,
                "recall": 0.6438356164383562,
                "f1-score": 0.6434345304208318,
                "support": 73.0
            }
        }
    },
    "SVM_50%": {
        "best_params": {
            "C": 0.1,
            "gamma": "scale",
            "kernel": "linear"
        },
        "accuracy": 0.6575342465753424,
        "classification_report": {
            "0": {
                "precision": 0.6285714285714286,
                "recall": 0.6470588235294118,
                "f1-score": 0.6376811594202898,
                "support": 34.0
            },
            "1": {
                "precision": 0.6842105263157895,
                "recall": 0.6666666666666666,
                "f1-score": 0.6753246753246753,
                "support": 39.0
            },
            "accuracy": 0.6575342465753424,
            "macro avg": {
                "precision": 0.656390977443609,
                "recall": 0.6568627450980392,
                "f1-score": 0.6565029173724826,
                "support": 73.0
            },
            "weighted avg": {
                "precision": 0.6582964259964981,
                "recall": 0.6575342465753424,
                "f1-score": 0.6577920788760574,
                "support": 73.0
            }
        }
    },
    "RandomForest_20%": {
        "best_params": {
            "max_depth": null,
            "min_samples_split": 10,
            "n_estimators": 100
        },
        "accuracy": 0.603448275862069,
        "classification_report": {
            "0": {
                "precision": 0.6176470588235294,
                "recall": 0.3888888888888889,
                "f1-score": 0.4772727272727273,
                "support": 54.0
            },
            "1": {
                "precision": 0.5975609756097561,
                "recall": 0.7903225806451613,
                "f1-score": 0.6805555555555556,
                "support": 62.0
            },
            "accuracy": 0.603448275862069,
            "macro avg": {
                "precision": 0.6076040172166428,
                "recall": 0.589605734767025,
                "f1-score": 0.5789141414141414,
                "support": 116.0
            },
            "weighted avg": {
                "precision": 0.6069113936575472,
                "recall": 0.603448275862069,
                "f1-score": 0.5859238941135492,
                "support": 116.0
            }
        }
    },
    "LogisticRegression_20%": {
        "best_params": {
            "C": 0.1,
            "penalty": "l2"
        },